id;title;content;viewcount;image_url;created_at;detalis
1;Buckinghamshire;Licensed;39038;throughput Operations Sleek;2022-05-07T21:10:08;compress
2;Home visualize;International fuchsia;62389;PCI;2022-05-07T01:13:31;Tunisia Principal
3;Money;Plastic;90372;RSS Sports Factors;2022-05-07T14:55:04;Borders Mouse Intelligent
4;Outdoors;Computer Cambridgeshire;84135;Internal Ball;2022-05-07T11:58:25;Account Personal
5;deposit;Manager;93451;alarm Solutions;2022-05-07T02:35:10;unleash Sleek Representative
6;impactful;web-enabled auxiliary;21963;responsive;2022-05-07T09:57:25;back generate
7;overriding synergistic;Tools Chicken Sleek;71422;Crossing time-frame Shoals;2022-05-07T10:53:17;AGP solutions
8;Nebraska matrix;Soft;65866;Arizona;2022-05-07T12:52:49;Account navigate
9;Money;Oklahoma human-resource;11526;Loan;2022-05-07T11:09:29;deposit transition
10;monitoring;Handcrafted;1618;Automotive Ergonomic;2022-05-07T03:17:30;Bedfordshire migration
