id;country;city;airport;created_at;details
1;Malawi;Lake Genevieve;Grocery the program;2022-05-07T08:31:26;Games
2;Italy;Mitchellland;back-end Plastic International;2022-05-07T01:20:05;Liaison Forward
3;Somalia;Duncanbury;Legacy bricks-and-clicks neural;2022-05-07T00:14:13;Savings parse
4;Chad;North Joanieburgh;hour Savings leading-edge;2022-05-07T00:31:24;Delaware blue Fuerte
5;Antarctica (the territory South of 60 deg S);Bethlehem;17(E.U.A.-17) Frozen Venezuela;2022-05-07T18:41:21;Pizza
6;Hong Kong;Framiborough;infrastructure Monaco;2022-05-07T15:23:16;cutting-edge
7;Namibia;Port Katharina;Austria;2022-05-07T14:48:53;invoice
8;Cambodia;Westborough;infomediaries Guadeloupe Licensed;2022-05-07T06:05:12;Bedfordshire Technician
9;Sri Lanka;Morissettetown;Movies Stream vertical;2022-05-07T10:17:43;Fresh Jewelery
10;Lao People's Democratic Republic;Allen;Virginia infrastructures;2022-05-07T16:46:29;full-range
